Workbook
Name CODIGO_JUNJI: #REF!

Sheet codigos
A1: codigo | B1: nombre
A2: 13102007 | B2: SALOMON SACK
A3: 13102008 | B3: CARDENAL RAÚL SILVA HENRÍQUEZ
A4: 13102009 | B4: EL MIRADOR
A5: 13102010 | B5: ANGEL FANTUZI
A6: 13102011 | B6: RÍO MAGDALENA
A7: 13102013 | B7: ORESTE PLATH
A8: 13102014 | B8: VILLA MÉXICO
A9: 13106017 | B9: AVELUZ
A10: 13106018 | B10: LOS ANGELITOS DE VILLA FRANCIA
A11: 13106019 | B11: LAS LUCIÉRNAGAS
A12: 13106021 | B12: DUENDES Y ESTRELLITAS.
A13: 13106022 | B13: ARTEMISA
... A43: 13119040 | B43: VALLE VERDE

Sheet Datos Grupos
A1: Establecimiento | B1: Letra | C1: Nombre | E1: Nivel | F1: Tipo de Grupo | G1: Capacidad | H1: Matrículas | I1: Vacantes | J1: Fecha Extracción | K1: % Ocupación
A2: 13119029 | B2: 3 | C2: =VLOOKUP(A2,codigos!A$2:B$43,2,FALSE) -> AITUÉ | D2: AITUÉ | E2: NIVEL MEDIO MAYOR | F2: Regular | G2: 32 | H2: 31 | I2: 1 | J2: 2026-04-13 09:31:34 | K2: 96.88
A3: 13119029 | B3: 2 | C3: =VLOOKUP(A3,codigos!A$2:B$43,2,FALSE) -> AITUÉ | D3: AITUÉ | E3: NIVEL MEDIO MENOR | F3: Regular | G3: 32 | H3: 31 | I3: 1 | J3: 2026-04-13 09:31:34 | K3: 96.88
A4: 13119029 | B4: 1 | C4: =VLOOKUP(A4,codigos!A$2:B$43,2,FALSE) -> AITUÉ | D4: AITUÉ | E4: SALA CUNA MAYOR | F4: Regular | G4: 20 | H4: 19 | I4: 1 | J4: 2026-04-13 09:31:34 | K4: 95
A5: 13119036 | B5: 5 | C5: =VLOOKUP(A5,codigos!A$2:B$43,2,FALSE) -> ALON KURA | D5: ALON KURA | E5: NIVEL MEDIO MAYOR | F5: Regular | G5: 32 | H5: 31 | I5: 1 | J5: 2026-04-13 09:31:34 | K5: 96.88
A6: 13119036 | B6: 6 | C6: =VLOOKUP(A6,codigos!A$2:B$43,2,FALSE) -> ALON KURA | D6: ALON KURA | E6: NIVEL MEDIO MAYOR | F6: Regular | G6: 32 | H6: 30 | I6: 2 | J6: 2026-04-13 09:31:34 | K6: 93.75
A7: 13119036 | B7: 4 | C7: =VLOOKUP(A7,codigos!A$2:B$43,2,FALSE) -> ALON KURA | D7: ALON KURA | E7: NIVEL MEDIO MENOR | F7: Regular | G7: 28 | H7: 28 | I7: 0 | J7: 2026-04-13 09:31:34 | K7: 100
A8: 13119036 | B8: 1 | C8: =VLOOKUP(A8,codigos!A$2:B$43,2,FALSE) -> ALON KURA | D8: ALON KURA | E8: SALA CUNA HETEROGENEA | F8: Regular | G8: 20 | H8: 20 | I8: 0 | J8: 2026-04-13 09:31:34 | K8: 100
A9: 13119036 | B9: 2 | C9: =VLOOKUP(A9,codigos!A$2:B$43,2,FALSE) -> ALON KURA | D9: ALON KURA | E9: SALA CUNA MAYOR | F9: Regular | G9: 20 | H9: 20 | I9: 0 | J9: 2026-04-13 09:31:34 | K9: 100
A10: 13119036 | B10: 3 | C10: =VLOOKUP(A10,codigos!A$2:B$43,2,FALSE) -> ALON KURA | D10: ALON KURA | E10: NIVEL MEDIO MENOR | F10: Regular | G10: 28 | H10: 28 | I10: 0 | J10: 2026-04-13 09:31:34 | K10: 100
A11: 13119034 | B11: 1 | C11: =VLOOKUP(A11,codigos!A$2:B$43,2,FALSE) -> ALTAWEÑI | D11: ALTAWEÑI | E11: SALA CUNA MAYOR | F11: Regular | G11: 20 | H11: 11 | I11: 9 | J11: 2026-04-13 09:31:34 | K11: 55
A12: 13119034 | B12: 3 | C12: =VLOOKUP(A12,codigos!A$2:B$43,2,FALSE) -> ALTAWEÑI | D12: ALTAWEÑI | E12: NIVEL MEDIO MAYOR | F12: Regular | G12: 32 | H12: 32 | I12: 0 | J12: 2026-04-13 09:31:34 | K12: 100
A13: 13119034 | B13: 2 | C13: =VLOOKUP(A13,codigos!A$2:B$43,2,FALSE) -> ALTAWEÑI | D13: ALTAWEÑI | E13: NIVEL MEDIO MENOR | F13: Regular | G13: 28 | H13: 28 | I13: 0 | J13: 2026-04-13 09:31:34 | K13: 100
... A165: 13102014 | B165: 1 | C165: =VLOOKUP(A165,codigos!A$2:B$43,2,FALSE) -> VILLA MÉXICO | D165: VILLA MÉXICO | E165: NIVEL MEDIO MENOR | F165: Regular | G165: 32 | H165: 16 | I165: 16 | J165: 2026-04-13 09:31:34 | K165: 50

Sheet Resumen por Establecimiento
A1: Establecimiento | B1: Total Grupos | C1: Capacidad | D1: Matrículas | E1: Vacantes | F1: % Ocupación
A2: 13102007 | B2: 4 | C2: 98 | D2: 92 | E2: 6 | F2: 93.88
A3: 13102008 | B3: 4 | C3: 104 | D3: 87 | E3: 17 | F3: 83.65
A4: 13102009 | B4: 4 | C4: 104 | D4: 84 | E4: 20 | F4: 80.77
A5: 13102010 | B5: 4 | C5: 104 | D5: 67 | E5: 37 | F5: 64.42
A6: 13102011 | B6: 4 | C6: 104 | D6: 78 | E6: 26 | F6: 75
A7: 13102013 | B7: 4 | C7: 104 | D7: 95 | E7: 9 | F7: 91.35
A8: 13102014 | B8: 2 | C8: 64 | D8: 36 | E8: 28 | F8: 56.25
A9: 13106017 | B9: 4 | C9: 104 | D9: 93 | E9: 11 | F9: 89.42
A10: 13106018 | B10: 4 | C10: 104 | D10: 87 | E10: 17 | F10: 83.65
A11: 13106019 | B11: 2 | C11: 34 | D11: 31 | E11: 3 | F11: 91.18
A12: 13106021 | B12: 4 | C12: 104 | D12: 94 | E12: 10 | F12: 90.38
A13: 13106022 | B13: 3 | C13: 84 | D13: 84 | E13: 0 | F13: 100
... A43: 13119043 | B43: 3 | C43: 80 | D43: 75 | E43: 5 | F43: 93.75

Sheet Resumen por Nivel
A1: Nivel | B1: Total Grupos | C1: Capacidad | D1: Matrículas | E1: Vacantes | F1: % Ocupación
A2: MEDIO Y TRANS. CONVENCIONAL | B2: 3 | C2: 96 | D2: 63 | E2: 33 | F2: 65.62
A3: NIVEL MEDIO MAYOR | B3: 41 | C3: 1304 | D3: 1156 | E3: 148 | F3: 88.65
A4: NIVEL MEDIO MENOR | B4: 42 | C4: 1248 | D4: 1134 | E4: 114 | F4: 90.87
A5: NIVEL MEDIO MIXTO | B5: 4 | C5: 128 | D5: 82 | E5: 46 | F5: 64.06
A6: SALA CUNA HETEROGENEA | B6: 8 | C6: 160 | D6: 83 | E6: 77 | F6: 51.88
A7: SALA CUNA MAYOR | B7: 44 | C7: 840 | D7: 715 | E7: 125 | F7: 85.12
A8: SALA CUNA MENOR | B8: 20 | C8: 370 | D8: 203 | E8: 167 | F8: 54.86
A9: TRANSICION I | B9: 2 | C9: 64 | D9: 46 | E9: 18 | F9: 71.88
